[
  {
    "id": 1,
    "title": {
      "first": "CONNECTING",
      "second": "UNSERVED&UNDERSERVED"
    },
    "content": "If you need to redesign your new project, new visual strategy, ux structure or you do have some cool ideas for collaboration.",
    "image": "/img/slid/01.jpg"
  },
  {
    "id": 2,
    "title": {
      "first": "EDUCATING",
      "second": "UNSERVED&UNDERSERVED"
    },
    "content": "If you need to redesign your new project, new visual strategy, ux structure or you do have some cool ideas for collaboration.",
    "image": "/img/slid/03.jpg"
  },
  {
    "id": 3,
   "title": {
      "first": "ENTERTAINING",
      "second": "UNSERVED & UNDERSERVED"
    },
    "content": "If you need to redesign your new project, new visual strategy, ux structure or you do have some cool ideas for collaboration.",
    "image": "/img/slid/02.jpg"
  }
]
